{"cameraMode":{"drawMode":0,"name":"Shaded","section":"Shading Mode"},"sceneLighting":true,"audioPlay":false,"sceneViewState":{"showFog":true,"showMaterialUpdate":true,"showSkybox":true,"showFlares":true,"showImageEffects":true,"showParticleSystems":true},"in2DMode":false,"pivot":{"x":3.412872314453125,"y":1.0335601568222047,"z":-4.7345991134643559},"rotation":{"x":-0.011744322255253792,"y":-0.9831752777099609,"z":0.06825254112482071,"w":-0.16916559636592866},"size":8.4115571975708,"orthographic":false}