{"cameraMode":{"drawMode":0,"name":"Shaded","section":"Shading Mode"},"sceneLighting":true,"audioPlay":false,"sceneViewState":{"showFog":true,"showMaterialUpdate":true,"showSkybox":true,"showFlares":true,"showImageEffects":true,"showParticleSystems":true},"in2DMode":false,"pivot":{"x":0.9217866659164429,"y":-2.2409510612487795,"z":22.64409828186035},"rotation":{"x":-0.3032650947570801,"y":-0.1529301255941391,"z":0.04937683418393135,"w":-0.9392620921134949},"size":4.592878818511963,"orthographic":false}