{"cameraMode":{"drawMode":0,"name":"Shaded","section":"Shading Mode"},"sceneLighting":true,"audioPlay":false,"sceneViewState":{"showFog":true,"showMaterialUpdate":true,"showSkybox":true,"showFlares":true,"showImageEffects":true,"showParticleSystems":true},"in2DMode":false,"pivot":{"x":2.0513134002685549,"y":-13.326528549194336,"z":92.53983306884766},"rotation":{"x":-0.7035048007965088,"y":0.0014850529842078686,"z":-0.0014816896291449667,"w":-0.7107018232345581},"size":15.845134735107422,"orthographic":false}