{"cameraMode":{"drawMode":0,"name":"Shaded","section":"Shading Mode"},"sceneLighting":true,"audioPlay":false,"sceneViewState":{"showFog":true,"showMaterialUpdate":true,"showSkybox":true,"showFlares":true,"showImageEffects":true,"showParticleSystems":true},"in2DMode":false,"pivot":{"x":1.0017468929290772,"y":2.5631330013275148,"z":25.986785888671876},"rotation":{"x":-0.09736529737710953,"y":0.07696903496980667,"z":-0.00754697248339653,"w":-0.9922723770141602},"size":2.1047146320343019,"orthographic":false}