{"cameraMode":{"drawMode":0,"name":"Shaded","section":"Shading Mode"},"sceneLighting":true,"audioPlay":false,"sceneViewState":{"showFog":true,"showMaterialUpdate":true,"showSkybox":true,"showFlares":true,"showImageEffects":true,"showParticleSystems":true},"in2DMode":false,"pivot":{"x":6.129970073699951,"y":-1.0857082605361939,"z":22.554195404052736},"rotation":{"x":-0.12295514345169068,"y":-0.5271468758583069,"z":0.07741029560565949,"w":-0.8372672200202942},"size":4.945163249969482,"orthographic":false}