{"cameraMode":{"drawMode":0,"name":"Shaded","section":"Shading Mode"},"sceneLighting":true,"audioPlay":false,"sceneViewState":{"showFog":true,"showMaterialUpdate":true,"showSkybox":true,"showFlares":true,"showImageEffects":true,"showParticleSystems":true},"in2DMode":false,"pivot":{"x":1.634229302406311,"y":-0.30267632007598879,"z":92.47510528564453},"rotation":{"x":-0.16877266764640809,"y":-0.575709879398346,"z":0.12288258224725723,"w":-0.7905865907669067},"size":2.0557827949523927,"orthographic":false}