{"cameraMode":{"drawMode":0,"name":"Shaded","section":"Shading Mode"},"sceneLighting":true,"audioPlay":false,"sceneViewState":{"showFog":true,"showMaterialUpdate":true,"showSkybox":true,"showFlares":true,"showImageEffects":true,"showParticleSystems":true},"in2DMode":false,"pivot":{"x":-1.2347151041030884,"y":0.9285763502120972,"z":97.59790802001953},"rotation":{"x":-0.18506890535354615,"y":-0.5810128450393677,"z":0.1377609670162201,"w":-0.7805184125900269},"size":0.85944002866745,"orthographic":false}