{"cameraMode":{"drawMode":0,"name":"Shaded","section":"Shading Mode"},"sceneLighting":true,"audioPlay":false,"sceneViewState":{"showFog":true,"showMaterialUpdate":true,"showSkybox":true,"showFlares":true,"showImageEffects":true,"showParticleSystems":true},"in2DMode":false,"pivot":{"x":37.85673522949219,"y":-14.300925254821778,"z":-60.45766830444336},"rotation":{"x":0.02842647023499012,"y":0.9565116167068481,"z":-0.0996515080332756,"w":0.27277201414108279},"size":37.49468231201172,"orthographic":false}