{"cameraMode":{"drawMode":0,"name":"Shaded","section":"Shading Mode"},"sceneLighting":true,"audioPlay":false,"sceneViewState":{"showFog":true,"showMaterialUpdate":true,"showSkybox":true,"showFlares":true,"showImageEffects":true,"showParticleSystems":true},"in2DMode":false,"pivot":{"x":2.882380485534668,"y":-1.4075913429260255,"z":88.49555969238281},"rotation":{"x":0.09648642688989639,"y":-0.9023864269256592,"z":0.3200245797634125,"w":0.27202367782592776},"size":7.702075481414795,"orthographic":false}