{"cameraMode":{"drawMode":0,"name":"Shaded","section":"Shading Mode"},"sceneLighting":false,"audioPlay":false,"sceneViewState":{"showFog":true,"showMaterialUpdate":true,"showSkybox":false,"showFlares":true,"showImageEffects":true,"showParticleSystems":true},"in2DMode":false,"pivot":{"x":0.0,"y":0.6577849984169006,"z":-0.014543458819389344},"rotation":{"x":0.17663170397281648,"y":-0.7679722905158997,"z":0.23908868432044984,"w":0.5673757791519165},"size":0.9168615937232971,"orthographic":false}