{"cameraMode":{"drawMode":0,"name":"Shaded","section":"Shading Mode"},"sceneLighting":true,"audioPlay":false,"sceneViewState":{"showFog":true,"showMaterialUpdate":true,"showSkybox":true,"showFlares":true,"showImageEffects":true,"showParticleSystems":true},"in2DMode":false,"pivot":{"x":0.6359757781028748,"y":1.5373988151550294,"z":3.7357115745544435},"rotation":{"x":-0.12554384768009187,"y":-0.08233293890953064,"z":0.01045718789100647,"w":-0.9886442422866821},"size":3.3868162631988527,"orthographic":false}